<?xml version='1.0' encoding='utf-8'?>
<appInfo>
    <name>RvSnoop</name>
    <description>
        A graphical application that provides developers and operations
        support personnel with a sophisticated and feature-rich interface
        for tracing TIBCO Rendezvous™ messages.
    </description>
    <version>
        <major>1</major>
        <minor>6</minor>
        <patch>1</patch>
        <buildNumber>360</buildNumber>
    </version>
    <date>2006-12-12 18:53:30</date>
    <compiler>
        <name>javac</name>
        <vendor>Apple Computer, Inc.</vendor>
        <version>1.4.2_12</version>
        <platform>
            <name>Mac OS X</name>
            <version>10.4.8</version>
            <architecture>ppc</architecture>
        </platform>
    </compiler>
</appInfo>
